id,circuit_id,reporter_id,player1_id,player2_id,player3_id,player4_id,player5_id,player6_id,created_at,points_to_win,final_tally,notes
1,5,1,1,23,,,,,2019-09-16 00:00:00,21,,
2,5,1,1,23,,,,,2019-09-16 00:00:00,21,,
3,5,1,23,1,,,,,2019-09-16 00:00:00,21,,
4,1,1,3,11,,,,,2019-09-23 00:00:00,21,,
5,1,1,3,11,,,,,2019-09-23 00:00:00,21,,
6,1,1,4,6,,,,,2019-09-23 00:00:00,21,,
7,1,1,4,6,,,,,2019-09-23 00:00:00,21,,
8,1,1,4,2,,,,,2019-09-23 00:00:00,21,,
9,1,1,4,2,,,,,2019-09-23 00:00:00,21,,
10,1,1,4,1,,,,,2019-09-23 00:00:00,21,,
11,1,1,4,1,,,,,2019-09-23 00:00:00,21,,
12,1,1,25,1,,,,,2019-09-24 00:00:00,21,,
13,1,1,25,1,,,,,2019-09-24 00:00:00,21,,
14,1,1,2,21,,,,,2019-09-24 00:00:00,21,,
15,1,1,2,21,,,,,2019-09-24 00:00:00,21,,
16,5,1,21,2,,,,,2019-09-24 00:00:00,21,,
17,1,1,2,1,,,,,2019-09-24 00:00:00,21,,
18,1,1,2,1,,,,,2019-09-24 00:00:00,21,,
19,5,1,2,1,,,,,2019-09-24 00:00:00,21,,
20,5,1,1,2,,,,,2019-09-24 00:00:00,21,,
21,5,1,19,1,6,10,,,2019-09-25 00:00:00,21,,
22,5,1,19,1,6,10,,,2019-09-25 00:00:00,21,,
23,5,1,6,16,19,1,,,2019-09-25 00:00:00,21,,
24,5,1,25,1,14,15,,,2019-09-25 00:00:00,21,,
25,5,1,25,1,14,15,,,2019-09-25 00:00:00,21,,
26,5,1,14,15,25,1,,,2019-09-25 00:00:00,21,,
27,1,1,6,1,,,,,2019-09-25 00:00:00,21,,
28,1,1,6,1,,,,,2019-09-25 00:00:00,21,,
29,1,1,2,6,,,,,2019-09-25 00:00:00,21,,
30,1,1,2,6,,,,,2019-09-25 00:00:00,21,,
31,1,1,21,1,,,,,2019-09-25 00:00:00,21,,
32,1,1,21,1,,,,,2019-09-25 00:00:00,21,,
33,5,1,21,1,6,18,,,2019-09-26 00:00:00,21,,
34,5,1,21,1,6,18,,,2019-09-26 00:00:00,21,,
35,5,1,21,1,6,18,,,2019-09-26 00:00:00,21,,
36,5,1,21,1,18,25,,,2019-09-26 00:00:00,21,,
37,5,1,21,1,18,25,,,2019-09-26 00:00:00,21,,
38,5,1,6,1,18,25,,,2019-09-26 00:00:00,21,,
39,5,1,6,1,18,25,,,2019-09-26 00:00:00,21,,
40,5,1,6,1,18,25,,,2019-09-26 00:00:00,21,,
41,5,1,14,23,26,1,,,2019-09-26 00:00:00,21,,
42,5,1,14,23,26,1,,,2019-09-26 00:00:00,21,,
43,5,1,26,1,14,23,,,2019-09-26 00:00:00,21,,
44,5,1,26,1,14,2,,,2019-09-26 00:00:00,21,,
45,5,1,4,27,2,1,,,2019-09-26 00:00:00,21,,
46,5,1,1,21,,,,,2019-09-26 00:00:00,21,,
47,5,1,1,21,,,,,2019-09-26 00:00:00,21,,
48,1,1,1,26,,,,,2019-09-26 00:00:00,21,,
49,1,1,1,26,,,,,2019-09-26 00:00:00,21,,
50,1,1,2,26,,,,,2019-09-26 00:00:00,21,,
51,1,1,2,26,,,,,2019-09-26 00:00:00,21,,
52,5,1,2,1,16,19,,,2019-09-27 00:00:00,21,,
53,5,1,2,1,16,19,,,2019-09-27 00:00:00,21,,
54,5,1,5,2,15,1,,,2019-09-27 00:00:00,21,,
55,5,1,5,2,15,1,,,2019-09-27 00:00:00,21,,
56,5,1,5,2,15,1,,,2019-09-27 00:00:00,21,,
57,5,1,5,2,15,1,,,2019-09-27 00:00:00,21,,
58,5,1,5,2,15,1,,,2019-09-27 00:00:00,21,,
59,5,1,17,25,18,1,,,2019-09-27 00:00:00,21,,
60,5,1,17,25,18,1,,,2019-09-27 00:00:00,21,,
61,5,1,18,1,28,6,,,2019-09-27 00:00:00,21,,
62,5,1,18,1,28,6,,,2019-09-27 00:00:00,21,,
63,5,1,28,6,18,1,,,2019-09-27 00:00:00,21,,
64,5,1,1,21,,,,,2019-09-27 00:00:00,21,,
65,5,1,1,21,,,,,2019-09-27 00:00:00,21,,
66,5,1,1,21,,,,,2019-09-27 00:00:00,21,,
67,5,1,5,1,,,,,2019-09-27 00:00:00,21,,
68,5,1,5,2,,,,,2019-09-27 00:00:00,21,,
69,5,1,5,2,,,,,2019-09-27 00:00:00,21,,
70,5,1,5,2,,,,,2019-09-27 00:00:00,21,,
71,1,1,6,25,,,,,2019-09-27 00:00:00,21,,
72,1,1,25,6,,,,,2019-09-27 00:00:00,21,,
73,1,1,6,25,,,,,2019-09-27 00:00:00,21,,
74,1,1,2,25,,,,,2019-09-27 00:00:00,21,,
75,1,1,2,25,,,,,2019-09-27 00:00:00,21,,
76,5,1,14,20,,,,,2019-09-27 00:00:00,21,,
77,5,1,14,20,,,,,2019-09-27 00:00:00,21,,
78,5,1,20,14,,,,,2019-09-27 00:00:00,21,,
79,5,1,6,21,18,1,,,2019-10-01 00:00:00,21,,
80,5,1,6,21,18,1,,,2019-10-01 00:00:00,21,,
81,5,1,21,1,6,18,,,2019-10-01 00:00:00,21,,
82,5,1,21,1,6,18,,,2019-10-01 00:00:00,21,,
83,5,1,6,18,21,1,,,2019-10-01 00:00:00,21,,
84,5,1,6,1,18,21,,,2019-10-01 00:00:00,21,,
85,5,1,6,1,18,2,,,2019-10-01 00:00:00,21,,
86,5,1,2,1,18,7,,,2019-10-01 00:00:00,21,,
87,5,1,2,1,14,12,,,2019-10-01 00:00:00,21,,
88,5,1,2,1,14,12,,,2019-10-01 00:00:00,21,,
89,5,1,2,1,14,12,,,2019-10-01 00:00:00,21,,
90,5,1,2,1,14,12,,,2019-10-01 00:00:00,21,,
91,5,1,14,12,2,1,,,2019-10-01 00:00:00,21,,
92,5,1,7,1,,,,,2019-10-01 00:00:00,21,,
93,5,1,7,1,,,,,2019-10-01 00:00:00,21,,
94,5,1,7,1,,,,,2019-10-01 00:00:00,21,,
95,5,1,2,1,,,,,2019-10-01 00:00:00,21,,
96,5,1,2,1,,,,,2019-10-01 00:00:00,21,,
97,5,1,6,21,18,2,,,2019-10-02 00:00:00,21,,
98,5,1,6,21,18,2,,,2019-10-02 00:00:00,21,,
99,5,1,18,2,6,21,,,2019-10-02 00:00:00,21,,
100,5,1,2,21,6,18,,,2019-10-02 00:00:00,21,,
101,5,1,2,21,6,18,,,2019-10-02 00:00:00,21,,
102,5,1,6,18,30,1,,,2019-10-02 00:00:00,21,,
103,5,1,15,19,18,1,,,2019-10-02 00:00:00,21,,
104,5,1,15,19,18,1,,,2019-10-02 00:00:00,21,,
105,5,1,18,1,15,19,,,2019-10-02 00:00:00,21,,
106,5,1,14,1,15,16,,,2019-10-02 00:00:00,21,,
107,5,1,14,1,15,16,,,2019-10-02 00:00:00,21,,
108,5,1,29,1,14,16,,,2019-10-02 00:00:00,21,,
109,5,1,29,1,14,16,,,2019-10-02 00:00:00,21,,
110,5,1,14,16,29,1,,,2019-10-02 00:00:00,21,,
111,1,1,3,24,,,,,2019-10-02 00:00:00,21,,
112,1,1,3,24,,,,,2019-10-02 00:00:00,21,,
113,1,1,11,24,,,,,2019-10-02 00:00:00,21,,
114,1,1,11,24,,,,,2019-10-02 00:00:00,21,,
115,5,1,1,30,,,,,2019-10-02 00:00:00,21,,
116,5,1,1,30,,,,,2019-10-02 00:00:00,21,,
117,5,1,1,30,,,,,2019-10-02 00:00:00,21,,
118,5,1,1,30,,,,,2019-10-02 00:00:00,21,,
119,5,1,30,1,,,,,2019-10-02 00:00:00,21,,
120,5,1,5,19,,,,,2019-10-02 00:00:00,21,,
121,5,1,5,19,,,,,2019-10-02 00:00:00,21,,
122,5,1,5,19,,,,,2019-10-02 00:00:00,21,,
123,5,1,5,19,,,,,2019-10-02 00:00:00,21,,
124,5,1,19,5,,,,,2019-10-02 00:00:00,21,,
125,5,1,2,1,6,18,,,2019-10-03 00:00:00,21,,
126,5,1,6,18,2,1,,,2019-10-03 00:00:00,21,,
127,5,1,2,1,6,18,,,2019-10-03 00:00:00,21,,
128,5,1,2,1,6,18,,,2019-10-03 00:00:00,21,,
129,5,1,6,18,2,1,,,2019-10-03 00:00:00,21,,
130,5,1,2,1,6,18,,,2019-10-03 00:00:00,21,,
131,5,1,2,1,6,18,,,2019-10-03 00:00:00,21,,
132,5,1,5,6,,,,,2019-10-03 00:00:00,21,,
133,5,1,5,6,,,,,2019-10-03 00:00:00,21,,
134,5,1,5,6,,,,,2019-10-03 00:00:00,21,,
135,5,1,5,6,,,,,2019-10-03 00:00:00,21,,
136,5,1,6,5,,,,,2019-10-03 00:00:00,21,,
137,5,1,1,24,,,,,2019-10-03 00:00:00,21,,
138,5,1,1,24,,,,,2019-10-03 00:00:00,21,,
139,5,1,1,7,,,,,2019-10-03 00:00:00,21,,
140,1,1,24,21,,,,,2019-10-03 00:00:00,21,,
141,1,1,21,24,,,,,2019-10-03 00:00:00,21,,
142,1,1,24,21,,,,,2019-10-03 00:00:00,21,,
143,1,1,24,18,,,,,2019-10-03 00:00:00,21,,
144,1,1,24,18,,,,,2019-10-03 00:00:00,21,,
145,5,1,8,7,2,1,,,2019-10-04 00:00:00,21,,
146,5,1,8,7,2,1,,,2019-10-04 00:00:00,21,,
147,5,1,1,2,,,,,2019-10-04 00:00:00,21,,
148,5,1,13,17,,,,,2019-10-04 00:00:00,21,,
149,5,1,17,13,,,,,2019-10-04 00:00:00,21,,
150,5,1,13,17,,,,,2019-10-04 00:00:00,21,,
151,5,1,3,5,,,,,2019-10-04 00:00:00,21,,
152,5,1,3,5,,,,,2019-10-04 00:00:00,21,,
153,5,1,3,5,,,,,2019-10-04 00:00:00,21,,
154,5,1,3,5,,,,,2019-10-04 00:00:00,21,,
155,5,1,3,5,,,,,2019-10-04 00:00:00,21,,
156,1,1,3,2,,,,,2019-10-04 00:00:00,21,,
157,1,1,3,2,,,,,2019-10-04 00:00:00,21,,
158,1,1,3,6,,,,,2019-10-04 00:00:00,21,,
159,1,1,3,6,,,,,2019-10-04 00:00:00,21,,
160,1,1,1,24,,,,,2019-10-04 00:00:00,21,,
161,1,1,1,24,,,,,2019-10-04 00:00:00,21,,
162,5,1,24,1,,,,,2019-10-04 00:00:00,21,,
163,5,1,1,24,,,,,2019-10-04 00:00:00,21,,
164,5,1,24,1,,,,,2019-10-04 00:00:00,21,,
165,5,1,1,24,,,,,2019-10-04 00:00:00,21,,
166,5,1,24,1,,,,,2019-10-04 00:00:00,21,,
167,1,1,2,24,,,,,2019-10-04 00:00:00,21,,
168,1,1,2,24,,,,,2019-10-04 00:00:00,21,,
169,1,1,6,24,,,,,2019-10-04 00:00:00,21,,
170,1,1,6,24,,,,,2019-10-04 00:00:00,21,,
171,5,1,7,1,,,,,2019-10-04 00:00:00,21,,
172,5,1,7,1,,,,,2019-10-04 00:00:00,21,,
173,5,1,7,1,,,,,2019-10-04 00:00:00,21,,
174,5,1,21,2,18,13,,,2019-10-07 00:00:00,21,,
175,5,1,21,2,18,13,,,2019-10-07 00:00:00,21,,
176,5,1,21,2,18,13,,,2019-10-07 00:00:00,21,,
177,5,1,21,2,18,1,,,2019-10-07 00:00:00,21,,
178,5,1,19,1,14,21,,,2019-10-07 00:00:00,21,,
179,5,1,19,1,14,21,,,2019-10-07 00:00:00,21,,
180,5,1,14,21,19,1,,,2019-10-07 00:00:00,21,,
181,5,1,2,1,6,21,,,2019-10-07 00:00:00,21,,
182,5,1,6,7,2,1,,,2019-10-07 00:00:00,21,,
183,5,1,6,7,2,1,,,2019-10-07 00:00:00,21,,
184,5,1,6,7,2,1,,,2019-10-07 00:00:00,21,,
185,5,1,2,1,6,7,,,2019-10-07 00:00:00,21,,
186,5,1,19,16,15,29,,,2019-10-07 00:00:00,21,,
187,1,1,2,11,,,,,2019-10-07 00:00:00,21,,
188,1,1,2,11,,,,,2019-10-07 00:00:00,21,,
189,1,1,1,11,,,,,2019-10-07 00:00:00,21,,
190,1,1,1,11,,,,,2019-10-07 00:00:00,21,,
191,1,1,6,11,,,,,2019-10-07 00:00:00,21,,
192,1,1,6,11,,,,,2019-10-07 00:00:00,21,,
193,5,1,19,14,,,,,2019-10-07 00:00:00,21,,
194,5,1,14,19,,,,,2019-10-07 00:00:00,21,,
195,5,1,19,16,15,29,,,2019-10-08 00:00:00,21,,
196,5,1,19,16,15,29,,,2019-10-08 00:00:00,21,,
197,5,1,15,29,19,16,,,2019-10-08 00:00:00,21,,
198,5,1,15,29,19,16,,,2019-10-08 00:00:00,21,,
199,5,1,1,21,6,30,,,2019-10-08 00:00:00,21,,
200,5,1,1,7,6,30,,,2019-10-08 00:00:00,21,,
201,5,1,1,7,6,30,,,2019-10-08 00:00:00,21,,
202,5,1,6,30,1,7,,,2019-10-08 00:00:00,21,,
203,5,1,1,7,,,,,2019-10-08 00:00:00,21,,
204,5,2,1,2,18,21,,,2019-10-09 15:59:33.072056,21,,
205,5,2,1,2,18,21,,,2019-10-09 15:59:33.554271,21,,
206,5,2,1,2,18,21,,,2019-10-09 15:59:33.687534,21,,
207,5,2,1,18,,,,,2019-10-09 16:00:25.795062,21,,
208,5,2,1,18,,,,,2019-10-09 16:00:26.301098,21,,
209,5,2,1,18,,,,,2019-10-09 16:00:26.536612,21,,
210,5,2,5,19,,,,,2019-10-09 17:31:52.788162,21,,
211,5,2,5,19,,,,,2019-10-09 17:31:53.012581,21,,
212,5,2,5,19,,,,,2019-10-09 17:31:53.158107,21,,
213,5,2,5,19,,,,,2019-10-09 17:31:53.294318,21,,
214,5,2,19,5,,,,,2019-10-09 17:31:53.427857,21,,
215,5,2,8,19,,,,,2019-10-09 18:59:11.301858,21,,
216,5,2,8,19,,,,,2019-10-09 18:59:11.81806,21,,
217,5,2,8,19,,,,,2019-10-09 18:59:11.957477,21,,
218,5,2,7,1,,,,,2019-10-09 18:59:43.294003,21,,
219,5,2,7,1,,,,,2019-10-09 18:59:43.451617,21,,
220,5,2,21,1,7,18,,,2019-10-09 19:01:08.335778,21,,
221,5,2,7,18,21,1,,,2019-10-09 19:01:09.289899,21,,
222,5,2,7,18,21,1,,,2019-10-09 19:01:09.663057,21,,
223,5,2,18,1,7,21,,,2019-10-09 19:01:56.251213,21,,
224,5,2,7,21,18,1,,,2019-10-09 19:01:56.497054,21,,
225,5,2,7,21,18,1,,,2019-10-09 19:01:56.704905,21,,
226,5,2,1,21,18,2,,,2019-10-09 19:02:35.394702,21,,
227,5,2,18,2,1,21,,,2019-10-09 19:02:35.578607,21,,
228,5,2,1,2,18,21,,,2019-10-09 19:03:14.953024,21,,
229,5,2,18,21,1,2,,,2019-10-09 19:03:15.138984,21,,
230,5,2,1,2,18,21,,,2019-10-09 19:03:15.326061,21,,
231,5,2,7,19,1,6,,,2019-10-09 20:10:49.751913,21,,
232,5,2,7,19,1,6,,,2019-10-09 20:10:50.041574,21,,
233,5,2,1,6,7,19,,,2019-10-09 20:10:50.20969,21,,
234,5,2,1,6,7,19,,,2019-10-09 20:10:50.606489,21,,
235,5,2,7,19,1,6,,,2019-10-09 20:10:50.766421,21,,
236,5,2,1,2,6,21,,,2019-10-09 20:35:26.53049,21,,
237,5,2,5,2,,,,,2019-10-09 20:36:03.245222,21,,
238,5,2,5,2,,,,,2019-10-09 20:36:03.465492,21,,
239,5,2,2,5,,,,,2019-10-09 20:36:03.710568,21,,
240,5,2,5,2,,,,,2019-10-09 20:36:03.890583,21,,
241,5,2,30,14,,,,,2019-10-10 14:54:27.899171,21,,
242,5,2,14,30,,,,,2019-10-10 14:54:28.442421,21,,
243,5,2,14,30,,,,,2019-10-10 14:54:28.599473,21,,
244,5,2,1,2,8,19,,,2019-10-10 16:07:43.755881,21,,
245,5,2,1,2,8,19,,,2019-10-10 16:07:44.561684,21,,
246,5,2,1,2,8,19,,,2019-10-10 16:07:44.708977,21,,
247,5,2,1,14,2,21,,,2019-10-10 19:12:30.88893,21,,
248,5,2,1,14,2,21,,,2019-10-10 19:12:31.248738,21,,
249,5,2,1,14,2,21,,,2019-10-10 19:12:31.383139,21,,
250,5,2,6,18,,,,,2019-10-10 19:13:08.486409,21,,
251,5,2,6,18,,,,,2019-10-10 19:13:08.743644,21,,
252,5,2,18,6,,,,,2019-10-10 19:13:08.884853,21,,
253,5,2,2,1,3,24,,,2019-10-10 21:02:55.118534,21,,yuhai's first doubles game
254,5,2,2,24,1,30,,,2019-10-10 21:04:13.964418,21,,
255,5,2,1,30,2,24,,,2019-10-10 21:04:14.108717,21,,
256,5,2,2,24,1,30,,,2019-10-10 21:04:14.257173,21,,
257,5,2,2,24,1,30,,,2019-10-10 21:04:14.406442,21,,
258,5,2,1,30,2,24,,,2019-10-10 21:04:14.558013,21,,
259,5,2,2,24,1,30,,,2019-10-10 21:04:14.702817,21,,
260,5,2,1,30,,,,,2019-10-10 21:04:43.073419,11,,
261,5,2,1,30,,,,,2019-10-10 21:04:43.263355,11,,
262,5,2,6,16,18,32,,,2019-10-10 21:11:01.122524,21,,
263,5,2,6,16,18,32,,,2019-10-10 21:11:01.300458,21,,
264,5,2,18,32,6,16,,,2019-10-10 21:11:01.463293,21,,
265,5,2,6,1,,,,,2019-10-11 16:31:47.879422,21,,
266,5,2,6,1,,,,,2019-10-11 16:31:48.857474,21,,
267,5,2,1,6,,,,,2019-10-11 16:31:49.045577,21,,
268,5,2,21,2,18,7,,,2019-10-11 16:37:06.472539,21,,
269,5,2,18,7,21,2,,,2019-10-11 16:37:06.669518,21,,
270,5,2,21,2,18,7,,,2019-10-11 16:37:06.839234,21,,
271,5,2,6,14,1,30,,,2019-10-11 16:39:17.092586,21,,
272,5,2,6,14,1,30,,,2019-10-11 16:39:17.275287,21,,
273,5,2,6,14,1,30,,,2019-10-11 16:39:17.452098,21,,
274,5,2,6,30,1,14,,,2019-10-11 16:40:36.847527,21,,
275,5,2,6,30,1,14,,,2019-10-11 16:40:37.148314,21,,
276,5,2,1,14,6,30,,,2019-10-11 16:40:37.357287,21,,
277,5,2,1,18,,,,,2019-10-11 17:45:31.9836,21,,
278,5,2,1,18,,,,,2019-10-11 17:45:32.668416,21,,
279,5,2,19,2,1,16,,,2019-10-11 18:32:24.682102,21,,
280,5,2,19,2,1,16,,,2019-10-11 18:32:24.95495,21,,
281,5,2,19,2,1,16,,,2019-10-11 18:32:25.090521,21,,
282,5,2,19,2,1,16,,,2019-10-11 18:32:25.223795,21,,
283,5,2,19,2,1,16,,,2019-10-11 18:32:25.361172,21,,
284,1,2,18,26,,,,,2019-10-11 18:34:50.668567,21,,
285,1,2,18,26,,,,,2019-10-11 18:34:51.134265,21,,
286,5,2,2,21,,,,,2019-10-11 18:45:06.039435,21,,
287,5,2,2,21,,,,,2019-10-11 18:45:06.218422,21,,
288,5,2,2,21,,,,,2019-10-11 18:45:06.366772,21,,
289,5,2,3,9,,,,,2019-10-11 18:53:21.156453,21,,
290,5,2,1,2,3,9,,,2019-10-11 21:16:46.129093,21,,
291,5,2,3,9,1,2,,,2019-10-11 21:16:46.463873,21,,
292,5,2,3,9,1,2,,,2019-10-11 21:16:46.604991,21,,
293,5,2,3,2,,,,,2019-10-11 21:17:15.703397,21,,
294,5,2,3,2,,,,,2019-10-11 21:17:15.895911,21,,
295,5,2,3,2,,,,,2019-10-11 21:17:16.028128,21,,
296,5,2,5,7,,,,,2019-10-11 21:33:35.427161,21,,
297,5,2,5,7,,,,,2019-10-11 21:33:35.615456,21,,
298,5,2,7,5,,,,,2019-10-11 21:33:35.778444,21,,
299,5,2,7,1,,,,,2019-10-11 21:41:13.005342,21,,
300,5,2,18,34,,,,,2019-10-11 23:02:33.180636,21,,
301,5,2,18,34,,,,,2019-10-11 23:02:33.356525,21,,
302,5,2,30,29,,,,,2019-10-11 23:03:42.051136,21,,
303,5,2,30,29,,,,,2019-10-11 23:03:42.188738,21,,
304,5,2,30,29,,,,,2019-10-11 23:03:42.326394,21,,
305,5,2,30,14,,,,,2019-10-11 23:03:42.466255,21,,
306,5,2,30,14,,,,,2019-10-11 23:03:42.466255,21,,
307,5,2,30,14,,,,,2019-10-11 23:03:42.466255,21,,
308,5,2,22,30,,,,,2019-10-11 23:03:42.466255,21,,
309,5,2,22,30,,,,,2019-10-11 23:03:42.466255,21,,
310,5,2,30,22,,,,,2019-10-11 23:03:42.466255,21,,
311,5,2,30,12,,,,,2019-10-11 23:03:42.466255,21,,
312,5,2,6,19,18,1,,,2019-10-14 17:55:57.377702,21,,
313,5,2,6,19,18,1,,,2019-10-14 17:55:57.697653,21,,
314,5,2,6,19,18,1,,,2019-10-14 17:55:57.846297,21,,
315,5,2,18,1,16,15,,,2019-10-14 21:26:40.30863,21,,
316,5,2,18,1,16,15,,,2019-10-14 21:26:40.652331,21,,
317,5,2,18,1,16,15,,,2019-10-14 21:26:40.809519,21,,
318,5,2,18,1,16,15,,,2019-10-14 21:26:40.978899,21,,
319,5,2,18,1,16,6,,,2019-10-14 21:26:53.330398,21,,
320,5,2,1,6,,,,,2019-10-14 21:27:06.202351,21,,
321,5,2,1,6,,,,,2019-10-14 21:27:06.887282,21,,
322,5,2,1,18,6,10,,,2019-10-15 17:35:51.29044,21,,
323,5,2,6,10,1,18,,,2019-10-15 17:35:51.872536,21,,
324,5,2,18,7,1,6,,,2019-10-15 17:50:57.045039,21,,
325,5,2,18,7,1,6,,,2019-10-15 17:50:57.335508,21,,
326,5,2,6,1,,,,,2019-10-15 18:02:33.4587,21,,
327,5,2,1,30,,,,,2019-10-15 20:26:45.227406,21,,
328,5,2,1,30,,,,,2019-10-15 20:26:45.422127,21,,
329,5,2,1,8,3,30,,,2019-10-15 20:27:36.206915,21,,
330,5,2,1,8,3,30,,,2019-10-15 20:27:36.484707,21,,
331,5,2,1,8,3,30,,,2019-10-15 20:27:36.621495,21,,
332,5,2,3,30,1,8,,,2019-10-15 20:27:36.772502,21,,
333,5,2,16,19,29,10,,,2019-10-15 20:32:36.272413,21,,
334,5,2,16,19,29,10,,,2019-10-15 20:32:36.469735,21,,
335,5,2,19,14,,,,,2019-10-15 21:13:18.066327,21,,
336,5,2,19,14,,,,,2019-10-15 21:13:18.237551,21,,
337,5,2,19,14,,,,,2019-10-15 21:13:18.371774,21,,
338,5,2,7,19,14,12,,,2019-10-15 21:24:09.620185,21,,
339,5,2,14,12,7,19,,,2019-10-15 21:24:10.079755,21,,
340,5,2,7,19,14,12,,,2019-10-15 21:24:10.221412,21,,
341,5,2,7,19,1,12,,,2019-10-15 21:24:35.731167,21,,
342,5,2,1,12,7,14,,,2019-10-15 21:41:14.641086,21,,
343,5,2,7,14,1,12,,,2019-10-15 21:41:14.821812,21,,
344,5,2,1,14,7,12,,,2019-10-15 21:51:00.727649,21,,
345,5,2,5,1,,,,,2019-10-16 17:29:13.244554,21,,
346,5,2,5,1,,,,,2019-10-16 17:29:14.774941,21,,
347,5,2,5,1,,,,,2019-10-16 17:29:14.921512,21,,
348,5,2,1,5,,,,,2019-10-16 17:29:15.086227,21,,
349,5,2,5,1,,,,,2019-10-16 17:29:15.353483,21,,
350,5,2,8,6,,,,,2019-10-16 20:38:36.566472,21,,
351,5,2,6,8,,,,,2019-10-16 20:38:36.712357,21,,
352,5,2,8,6,,,,,2019-10-16 20:38:36.84421,21,,
353,5,2,8,6,,,,,2019-10-16 20:38:36.978101,21,,
354,5,2,7,1,,,,,2019-10-16 20:45:40.815947,21,,
355,5,2,7,1,,,,,2019-10-16 20:45:40.998635,21,,
356,5,2,7,1,,,,,2019-10-16 20:45:41.161438,21,,
357,5,2,1,30,7,35,,,2019-10-16 20:54:48.719495,21,,
358,5,2,1,30,7,35,,,2019-10-16 20:54:48.953529,21,,
359,5,2,7,35,1,30,,,2019-10-16 20:54:49.133868,21,,
360,5,2,7,19,,,,,2019-10-16 21:17:33.669701,21,,
361,5,2,19,7,,,,,2019-10-16 21:17:34.133304,21,,
362,5,2,14,16,15,29,,,2019-10-17 14:13:20.42643,21,,
363,5,2,14,16,15,29,,,2019-10-17 14:13:20.917798,21,,
364,5,2,14,16,15,29,,,2019-10-17 14:13:21.080475,21,,
365,5,2,1,19,7,30,,,2019-10-17 16:29:37.430438,21,,
366,5,2,1,19,7,30,,,2019-10-17 16:29:38.008423,21,,
367,5,2,1,19,7,30,,,2019-10-17 16:29:38.15257,21,,
368,5,2,1,19,7,30,,,2019-10-17 16:29:38.302363,21,,
369,5,2,1,19,30,12,,,2019-10-17 19:35:04.724997,21,,
370,5,2,7,35,,,,,2019-10-17 19:35:24.95342,21,,
371,5,2,7,35,,,,,2019-10-17 19:35:25.294499,21,,
372,5,2,7,35,,,,,2019-10-17 19:35:25.642392,21,,
373,5,2,1,30,,,,,2019-10-17 20:09:08.167944,21,,
374,5,2,30,1,,,,,2019-10-17 20:09:09.028804,21,,
375,5,2,7,8,,,,,2019-10-17 20:22:51.177262,21,,
376,5,2,7,8,,,,,2019-10-17 20:22:51.449731,21,,
377,5,2,8,7,,,,,2019-10-17 20:22:51.611449,21,,
378,5,2,7,8,,,,,2019-10-17 20:22:51.770991,21,,
379,5,2,7,8,,,,,2019-10-17 20:22:51.932426,21,,
380,5,2,8,7,,,,,2019-10-17 20:22:52.091432,21,,
381,5,2,24,30,,,,,2019-10-17 21:19:21.801908,21,,
382,5,2,24,34,,,,,2019-10-17 21:24:01.430445,21,,
383,5,2,24,30,12,14,,,2019-10-17 21:32:40.114427,21,,
384,5,2,24,30,12,14,,,2019-10-17 21:32:40.577886,21,,
385,5,2,12,14,24,30,,,2019-10-17 21:32:40.719217,21,,
386,5,2,12,14,19,16,,,2019-10-17 21:34:23.453421,21,,
387,5,2,1,15,16,19,,,2019-10-18 16:10:31.884584,21,,
388,5,2,1,15,16,19,,,2019-10-18 16:10:32.421009,21,,
389,5,2,1,15,16,19,,,2019-10-18 16:10:32.594418,21,,
390,5,2,1,24,,,,,2019-10-18 18:04:04.945143,21,,
391,5,2,24,1,,,,,2019-10-18 18:04:05.214517,21,,
392,5,2,1,24,,,,,2019-10-18 18:04:05.364287,21,,
393,5,2,19,1,,,,,2019-10-18 20:24:24.923901,21,,
394,5,2,19,1,,,,,2019-10-18 20:24:24.926422,21,,
395,5,2,19,1,,,,,2019-10-18 20:24:25.224561,21,,
396,5,2,19,1,,,,,2019-10-18 20:24:25.243029,21,,
397,5,2,19,1,,,,,2019-10-18 20:24:25.377764,21,,
398,5,2,19,16,15,1,,,2019-10-18 20:24:56.367431,21,,
399,5,2,19,16,15,1,,,2019-10-18 20:24:56.59941,21,,
400,5,2,15,1,19,16,,,2019-10-18 20:24:56.737986,21,,
401,5,2,19,16,15,1,,,2019-10-18 20:24:56.877405,21,,
402,5,2,15,1,19,16,,,2019-10-18 20:24:57.025684,21,,
403,5,2,30,1,,,,,2019-10-18 22:08:08.579607,21,,
404,5,2,1,30,,,,,2019-10-18 22:08:08.882185,21,,
405,5,2,1,30,,,,,2019-10-18 22:08:09.018386,21,,
406,5,1,1,18,12,14,,,2019-10-21 20:07:46.92742,21,,
407,5,1,1,18,12,14,,,2019-10-21 20:07:47.252261,21,,
408,5,1,1,18,12,14,,,2019-10-21 20:07:47.386213,21,,
409,5,1,9,1,3,31,,,2019-10-22 17:37:12.274423,21,,
410,5,1,3,31,9,1,,,2019-10-22 17:37:12.524414,21,,
411,5,1,3,31,9,1,,,2019-10-22 17:37:12.655026,21,,
412,6,1,8,2,,,,,2019-10-22 18:16:18.64342,21,,
413,6,1,8,2,,,,,2019-10-22 18:16:19.202791,21,,
414,6,1,8,2,,,,,2019-10-22 18:16:19.402347,21,,
415,6,1,2,18,,,,,2019-10-22 18:17:38.497262,21,,
416,5,1,2,18,,,,,2019-10-22 18:17:38.650262,21,,
417,5,1,8,1,,,,,2019-10-22 18:38:24.203935,21,,
418,5,1,8,1,,,,,2019-10-22 18:38:24.356293,21,,
419,5,1,8,1,,,,,2019-10-22 18:38:24.489433,21,,
420,5,1,8,1,,,,,2019-10-22 18:38:24.623682,21,,
421,5,1,19,30,1,16,,,2019-10-22 19:03:46.670431,21,,
422,5,1,1,16,19,30,,,2019-10-22 19:03:46.834761,21,,
423,5,1,1,16,19,30,,,2019-10-22 19:03:46.972168,21,,
424,5,12,12,14,16,19,,,2019-10-23 00:19:14.180773,21,,
425,5,12,16,19,12,14,,,2019-10-23 00:19:14.316697,21,,
426,5,12,12,14,16,19,,,2019-10-23 00:19:14.449684,21,,
427,5,12,12,14,16,19,,,2019-10-23 00:19:14.584009,21,,
428,5,18,1,18,14,12,,,2019-10-23 19:33:03.732951,21,,
429,5,18,6,18,1,2,,,2019-10-23 19:34:08.043688,21,,
430,5,18,6,18,1,2,,,2019-10-23 19:34:08.528529,21,,
431,5,18,6,18,1,2,,,2019-10-23 19:34:08.910009,21,,
432,5,18,6,18,1,2,,,2019-10-23 19:34:09.148442,21,,
433,5,18,1,2,6,18,,,2019-10-23 19:34:09.63221,21,,
434,5,18,1,2,6,18,,,2019-10-23 19:34:09.889645,21,,
435,5,1,7,1,,,,,2019-10-24 23:05:40.460117,21,,
436,5,1,1,7,,,,,2019-10-24 23:05:40.691444,21,,
437,5,1,1,30,,,,,2019-10-24 23:05:53.1106,21,,
438,5,1,30,1,,,,,2019-10-24 23:05:53.258769,21,,
439,5,1,1,30,,,,,2019-10-24 23:05:53.402205,21,,
440,5,1,1,30,,,,,2019-10-24 23:05:53.53934,21,,
441,5,1,6,1,,,,,2019-10-24 23:06:01.455333,21,,
442,5,1,6,1,,,,,2019-10-24 23:06:01.612892,21,,
443,5,1,6,1,,,,,2019-10-24 23:06:01.754754,21,,
444,5,1,8,5,,,,,2019-10-24 23:06:34.167217,21,,
445,5,1,8,5,,,,,2019-10-24 23:06:34.308176,21,,
446,5,1,8,5,,,,,2019-10-24 23:06:34.449053,21,,
447,5,1,2,1,,,,,2019-10-25 17:17:19.940854,21,,
448,5,1,1,2,,,,,2019-10-25 17:17:20.211776,21,,
449,5,1,3,8,,,,,2019-10-25 19:43:35.403582,21,,
450,5,1,8,3,,,,,2019-10-25 19:43:35.678877,21,,
451,5,1,3,8,,,,,2019-10-25 19:43:35.894072,21,,
452,5,1,3,8,,,,,2019-10-25 19:43:36.043403,21,,
453,5,1,6,21,1,18,,,2019-10-25 19:44:02.249365,21,,
454,5,1,1,21,6,18,,,2019-10-25 19:44:15.236922,21,,
455,5,1,6,1,21,18,,,2019-10-25 19:44:25.190382,21,,
456,5,1,1,8,7,19,,,2019-10-25 21:00:55.614768,21,,
457,5,1,7,19,1,8,,,2019-10-25 21:00:55.754835,21,,
458,5,1,7,19,1,8,,,2019-10-25 21:00:55.883402,21,,
459,5,1,1,8,7,19,,,2019-10-25 21:00:56.019448,21,,
460,5,1,1,8,7,19,,,2019-10-25 21:00:56.15035,21,,
461,5,1,1,8,7,19,,,2019-10-25 21:00:56.281367,21,,
462,5,1,30,1,,,,,2019-10-28 18:24:18.209377,21,,
463,5,1,1,30,,,,,2019-10-28 18:24:18.548593,21,,
464,5,1,16,1,30,10,,,2019-10-28 18:24:56.248935,21,,
465,5,1,30,10,16,1,,,2019-10-28 18:24:56.575006,21,,
466,5,1,1,14,10,16,,,2019-10-28 18:25:31.082752,21,,
467,5,1,1,14,10,16,,,2019-10-28 18:25:31.232032,21,,
468,5,30,30,1,,,,,2019-10-29 19:33:28.161296,21,,
469,5,8,7,8,,,,,2019-10-29 21:29:01.401713,21,,
470,5,8,7,8,,,,,2019-10-29 21:29:01.938094,21,,
471,5,8,8,7,,,,,2019-10-29 21:29:02.102279,21,,
472,5,8,7,8,,,,,2019-10-29 21:29:02.254433,21,,
473,5,8,8,7,,,,,2019-10-29 21:29:02.420266,21,,
474,5,1,6,18,1,16,,,2019-10-30 18:26:44.688022,21,,
475,5,1,1,16,6,18,,,2019-10-30 18:26:51.329246,21,,
476,5,1,6,18,1,16,,,2019-10-30 18:26:51.568467,21,,
477,5,1,1,16,6,18,,,2019-10-30 18:26:51.76314,21,,
478,5,1,1,10,16,19,,,2019-10-30 18:27:29.216828,21,,
479,5,1,1,10,16,19,,,2019-10-30 18:27:29.507795,21,,
480,5,1,1,10,16,19,,,2019-10-30 18:27:29.769148,21,,
481,5,1,16,19,1,10,,,2019-10-30 18:27:29.970209,21,,
482,5,1,16,19,1,10,,,2019-10-30 18:27:30.188145,21,,
483,5,1,10,1,19,16,,,2019-10-30 18:27:56.91208,21,,
484,5,1,19,16,10,1,,,2019-10-30 18:27:57.422463,21,,
485,5,1,10,1,19,16,,,2019-10-30 18:27:57.672141,21,,
486,5,1,10,1,19,16,,,2019-10-30 18:27:57.898124,21,,
487,5,8,8,19,,,,,2019-10-30 20:27:13.782638,21,,
488,5,8,8,19,,,,,2019-10-30 20:27:14.010559,21,,
489,5,8,8,19,,,,,2019-10-30 20:27:14.179825,21,,
490,5,8,8,19,,,,,2019-10-30 20:57:07.809743,21,,
491,5,8,8,19,,,,,2019-10-30 20:57:08.164442,21,,
492,5,8,19,8,,,,,2019-10-30 20:57:08.298477,21,,
493,5,8,8,19,,,,,2019-10-30 20:57:08.434291,21,,
494,5,1,7,1,,,,,2019-10-30 21:20:07.626894,21,,
495,5,1,7,1,,,,,2019-10-30 21:20:07.816374,21,,
496,5,1,1,7,,,,,2019-10-30 21:20:07.963794,21,,
497,5,1,1,15,6,29,,,2019-10-31 18:30:26.798214,21,,
498,5,1,6,29,1,15,,,2019-10-31 18:30:27.688179,21,,
499,5,1,1,15,6,29,,,2019-10-31 18:30:27.850263,21,,
500,5,1,1,15,6,29,,,2019-10-31 18:30:28.229762,21,,
501,5,1,8,18,6,1,,,2019-10-31 18:31:37.28934,21,,
502,5,1,6,1,8,18,,,2019-10-31 18:31:37.665557,21,,
503,5,1,8,18,6,1,,,2019-10-31 18:31:37.845159,21,,
504,5,1,1,14,12,22,,,2019-10-31 21:26:38.36648,21,,
505,5,1,1,14,12,22,,,2019-10-31 21:26:38.81679,21,,
506,5,1,8,32,1,18,,,2019-11-01 18:11:42.939196,21,,
507,5,1,1,18,8,32,,,2019-11-01 18:11:44.369829,21,,
508,5,1,8,32,1,18,,,2019-11-01 18:11:44.563802,21,,
509,5,1,14,12,1,6,,,2019-11-01 20:00:48.213656,21,,
510,5,1,14,12,1,6,,,2019-11-01 20:00:49.09555,21,,
511,5,1,1,6,14,12,,,2019-11-01 20:00:49.48261,21,,
512,5,1,14,12,1,6,,,2019-11-01 20:00:50.439053,21,,
513,5,1,1,6,14,12,,,2019-11-01 20:00:50.776756,21,,
514,5,1,1,6,14,12,,,2019-11-01 20:00:51.233544,21,,
515,5,1,2,1,14,12,,,2019-11-01 20:01:30.953284,21,,
516,5,1,14,12,2,1,,,2019-11-01 20:01:31.429652,21,,
517,5,1,2,1,14,12,,,2019-11-01 20:01:31.628539,21,,
518,5,1,14,12,,,,,2019-11-04 15:41:15.277433,21,,
519,5,1,7,1,,,,,2019-11-04 21:07:06.163826,21,,
520,5,1,7,1,,,,,2019-11-04 21:07:07.62374,21,,
521,5,1,7,1,,,,,2019-11-04 21:07:07.99075,21,,
522,5,1,7,1,,,,,2019-11-04 21:07:08.366385,21,,
523,5,1,1,7,,,,,2019-11-04 21:07:08.537375,21,,
524,5,21,21,18,,,,,2019-11-04 21:29:01.590227,21,,
525,5,21,21,18,,,,,2019-11-04 21:29:02.108742,21,,
526,5,21,21,18,,,,,2019-11-04 21:29:02.275664,21,,
527,5,1,1,21,30,35,,,2019-11-04 22:07:45.333846,21,,
528,5,1,1,21,30,35,,,2019-11-04 22:07:45.967852,21,,
529,5,1,1,21,30,35,,,2019-11-04 22:07:46.134207,21,,
530,2,1,14,12,1,26,,,2019-11-05 19:59:50.537709,21,,
531,2,1,1,26,14,12,,,2019-11-05 20:00:00.908822,21,,
532,2,1,14,12,1,26,,,2019-11-05 20:00:01.553849,21,,
533,5,1,10,7,1,16,,,2019-11-05 20:57:59.905084,21,,
534,5,1,1,16,10,7,,,2019-11-05 20:58:00.686522,21,,
535,5,1,1,16,10,7,,,2019-11-05 20:58:00.857704,21,,
536,5,19,7,19,,,,,2019-11-05 21:40:58.947894,21,,
537,5,19,7,19,,,,,2019-11-05 21:40:59.542158,21,,
538,5,19,19,7,,,,,2019-11-05 21:40:59.686195,21,,
539,5,19,19,7,,,,,2019-11-05 21:41:00.044326,21,,
540,5,19,19,7,,,,,2019-11-05 21:41:00.191675,21,,
541,5,14,14,12,20,22,,,2019-11-06 18:30:45.799799,21,,
542,5,14,20,22,14,12,,,2019-11-06 18:31:03.997611,21,,
543,5,14,14,12,20,22,,,2019-11-06 18:31:04.350766,21,,
544,5,14,20,22,14,12,,,2019-11-06 18:31:04.865751,21,,
545,5,14,14,12,20,22,,,2019-11-06 18:31:05.448255,21,,
546,5,16,19,16,10,29,,,2019-11-06 19:45:28.001004,21,,
547,5,16,19,16,10,29,,,2019-11-06 19:45:29.250894,21,,
548,5,16,19,16,10,29,,,2019-11-06 19:45:29.547111,21,,
549,5,1,36,1,7,30,,,2019-11-07 00:37:30.910765,21,,
550,5,1,7,30,36,1,,,2019-11-07 00:37:36.90522,21,,
551,5,1,36,1,7,30,,,2019-11-07 00:37:37.413442,21,,
552,5,1,30,1,,,,,2019-11-07 00:38:38.051765,21,,
553,5,1,24,10,,,,,2019-11-07 18:00:10.822462,21,,
554,5,1,19,24,,,,,2019-11-07 18:01:06.571186,21,,
555,5,1,2,19,1,8,,,2019-11-07 21:36:20.71026,21,,
556,5,1,1,8,2,19,,,2019-11-07 21:36:36.108802,21,,
557,5,1,2,19,1,8,,,2019-11-07 21:36:36.43094,21,,
558,5,1,1,8,2,19,,,2019-11-07 21:36:36.902732,21,,
559,5,1,2,19,1,8,,,2019-11-07 21:36:37.435608,21,,
560,5,1,2,19,1,8,,,2019-11-07 21:36:37.975511,21,,
561,5,1,26,1,21,37,,,2019-11-08 00:14:38.826313,21,,
562,5,1,26,1,21,37,,,2019-11-08 00:14:39.193598,21,,
563,5,1,6,2,1,5,,,2019-11-08 18:09:00.032788,21,,
564,5,1,6,2,1,5,,,2019-11-08 18:09:00.823274,21,,
565,5,1,1,5,6,2,,,2019-11-08 18:09:01.028144,21,,
566,5,1,1,5,6,2,,,2019-11-08 18:09:01.432108,21,,
567,5,1,6,2,1,5,,,2019-11-08 18:09:01.611042,21,,
568,5,1,18,21,,,,,2019-11-08 19:19:57.055297,21,,
569,5,1,1,24,,,,,2019-11-08 23:48:32.533451,21,,
570,5,1,1,24,,,,,2019-11-08 23:48:33.277099,21,,
571,5,1,24,1,,,,,2019-11-08 23:48:33.450841,21,,
572,5,1,1,24,,,,,2019-11-08 23:48:33.857087,21,,
573,5,1,24,1,2,38,,,2019-11-10 13:38:18.239395,21,,
574,5,1,24,1,2,38,,,2019-11-10 13:38:18.658766,21,,
575,5,1,24,1,2,38,,,2019-11-10 13:38:18.870402,21,,
576,5,1,2,38,24,1,,,2019-11-10 13:38:19.302244,21,,
577,5,1,24,1,2,38,,,2019-11-10 13:38:19.448396,21,,
578,5,1,1,30,,,,,2019-11-12 19:03:21.333367,21,,
579,5,1,1,30,,,,,2019-11-12 19:03:33.768929,21,,
580,5,1,1,30,,,,,2019-11-12 19:03:34.007944,21,,
581,5,1,1,30,,,,,2019-11-12 19:03:34.448951,21,,
582,5,1,1,30,,,,,2019-11-12 19:03:34.808668,21,,
583,5,1,19,37,6,1,,,2019-11-12 19:06:03.525385,21,,
584,5,1,6,1,19,37,,,2019-11-12 19:06:04.846258,21,,
585,5,1,19,37,6,1,,,2019-11-12 19:06:05.101377,21,,
586,5,1,1,30,21,37,,,2019-11-12 19:06:40.071931,21,,
587,5,21,21,1,,,,,2019-11-12 19:07:21.861202,21,,
588,5,1,1,6,,,,,2019-11-12 21:50:13.65928,21,,
589,5,1,6,1,,,,,2019-11-12 21:50:14.497074,21,,
590,5,1,6,37,1,12,,,2019-11-12 21:52:38.942331,21,,
591,5,26,30,26,,,,,2019-11-12 22:00:14.30585,21,,
592,5,1,1,39,6,21,,,2019-11-13 01:04:54.560793,21,,
593,5,1,6,21,1,39,,,2019-11-13 01:04:55.916313,21,,
594,5,1,6,21,1,39,,,2019-11-13 01:04:56.242114,21,,
595,5,1,1,7,,,,,2019-11-13 17:03:06.452743,21,,
596,5,1,7,1,,,,,2019-11-13 17:03:08.838641,21,,
597,5,1,1,7,,,,,2019-11-13 17:03:09.047676,21,,
598,5,1,1,21,6,18,,,2019-11-13 18:23:22.491936,21,,
599,5,1,1,21,6,18,,,2019-11-13 18:23:23.701776,21,,
600,5,1,1,21,6,18,,,2019-11-13 18:23:23.884913,21,,
601,5,1,6,21,1,18,,,2019-11-13 18:23:43.879701,21,,
602,5,1,6,21,1,18,,,2019-11-13 18:23:44.320668,21,,
603,5,1,1,18,6,19,,,2019-11-13 18:24:08.924148,21,,
604,5,1,1,18,6,19,,,2019-11-13 18:24:09.38863,21,,
605,5,1,37,18,,,,,2019-11-13 19:17:29.111679,21,,
606,5,1,37,18,,,,,2019-11-13 19:17:29.694667,21,,
607,5,1,1,18,37,21,,,2019-11-13 19:39:47.567775,21,,
608,5,1,1,18,37,21,,,2019-11-13 19:39:51.962667,21,,
609,5,1,2,24,1,26,,,2019-11-13 22:02:07.299635,21,,
610,5,1,1,26,2,24,,,2019-11-13 22:02:07.898676,21,,
611,5,1,1,26,2,24,,,2019-11-13 22:02:08.107265,21,,
612,5,1,2,24,1,26,,,2019-11-13 22:02:08.819758,21,,
613,5,1,2,24,1,26,,,2019-11-13 22:02:09.093634,21,,
614,5,1,1,21,12,30,,,2019-11-14 17:06:33.074812,21,,
615,5,1,1,30,,,,,2019-11-14 17:06:44.959912,21,,
616,6,33,33,24,,,,,2019-11-14 19:58:47.215572,21,,
617,6,33,33,24,,,,,2019-11-14 19:58:54.396431,21,,
618,6,33,33,24,,,,,2019-11-14 19:58:56.436842,21,,
619,5,1,1,6,,,,,2019-11-14 22:17:13.202333,21,,
620,5,1,1,6,,,,,2019-11-14 22:17:14.171157,21,,
621,5,1,1,6,,,,,2019-11-14 22:17:14.322914,21,,
622,5,1,1,6,,,,,2019-11-14 22:17:14.70245,21,,
623,5,1,1,37,24,21,,,2019-11-15 21:34:01.329025,21,,
624,5,1,24,2,1,26,,,2019-11-15 21:34:33.215902,21,,
625,5,1,1,26,24,2,,,2019-11-15 21:34:33.70161,21,,
626,5,1,24,2,1,26,,,2019-11-15 21:34:33.861707,21,,
627,5,1,1,24,,,,,2019-11-15 21:34:49.149167,21,,
628,5,1,1,24,,,,,2019-11-15 21:34:49.554555,21,,
629,5,1,1,24,,,,,2019-11-15 21:34:49.722588,21,,
630,5,1,2,1,,,,,2019-11-15 21:35:03.165403,21,,
631,5,1,1,2,,,,,2019-11-15 21:35:03.554139,21,,
632,5,26,26,34,,,,,2019-11-15 22:25:01.347592,21,,
633,5,26,1,26,,,,,2019-11-15 22:25:33.795032,21,,
634,5,26,26,1,,,,,2019-11-15 22:25:34.223699,21,,
635,5,26,26,1,,,,,2019-11-15 22:25:34.384919,21,,
636,5,1,19,7,,,,,2019-11-16 00:57:20.05876,21,,
637,5,1,7,19,,,,,2019-11-16 00:57:20.900208,21,,
638,5,1,19,7,,,,,2019-11-16 00:57:21.066717,21,,
639,5,1,1,21,,,,,2019-11-18 19:02:25.678521,21,,
640,5,1,21,1,,,,,2019-11-18 19:02:26.206451,21,,
641,5,1,1,37,21,35,,,2019-11-18 19:02:59.266928,21,,
642,5,1,21,35,1,37,,,2019-11-18 19:02:59.858929,21,,
643,5,1,6,18,1,16,,,2019-11-19 23:09:35.681057,21,,
644,5,1,1,16,6,18,,,2019-11-19 23:09:46.039934,21,,
645,5,1,6,2,37,1,,,2019-11-21 23:58:41.880568,21,,
646,5,1,37,1,6,2,,,2019-11-21 23:58:42.486536,21,,
647,5,1,1,35,,,,,2019-11-21 23:59:02.862998,21,,
648,5,1,1,35,,,,,2019-11-21 23:59:03.334558,21,,
649,5,1,21,1,,,,,2019-11-25 19:02:31.12216,21,,
650,5,1,1,21,,,,,2019-11-25 19:02:44.222282,21,,
651,5,1,24,2,26,1,,,2019-11-25 21:16:33.994655,21,,
652,5,1,24,2,26,1,,,2019-11-25 21:16:51.652489,21,,
653,5,1,24,30,1,26,,,2019-11-25 21:17:13.6334,21,,
654,5,1,1,26,24,30,,,2019-11-25 21:17:14.634986,21,,
655,5,1,1,26,24,30,,,2019-11-25 21:17:15.039183,21,,
656,5,1,24,30,1,26,,,2019-11-25 21:17:15.449286,21,,
657,5,1,1,26,24,30,,,2019-11-25 21:17:16.007617,21,,
658,5,1,4,24,,,,,2019-11-25 21:25:41.597259,21,,
659,5,24,24,4,1,2,,,2019-11-25 21:43:29.886403,21,,
660,5,24,24,2,4,1,,,2019-11-25 21:45:21.200628,21,,
661,5,1,8,33,1,2,,,2019-11-26 19:06:07.383087,21,,
662,5,1,14,1,,,,,2019-12-02 18:05:59.504235,21,,
663,5,1,18,14,1,6,,,2019-12-02 18:08:01.260966,21,,
664,5,1,6,18,4,1,,,2019-12-02 18:08:33.800541,21,,
665,5,1,7,1,,,,,2019-12-02 21:04:06.018314,21,,
666,5,1,7,1,,,,,2019-12-02 21:04:22.439313,21,,
667,5,1,7,1,,,,,2019-12-02 21:04:22.891737,21,,
668,5,1,7,1,,,,,2019-12-02 21:04:23.391112,21,,
669,5,1,7,1,,,,,2019-12-02 21:04:24.227414,21,,
670,5,1,6,1,4,30,,,2019-12-03 22:22:27.629703,21,,
671,5,1,6,1,4,30,,,2019-12-03 22:22:29.099286,21,,
672,5,1,37,30,29,1,,,2019-12-04 21:30:16.541809,21,,
673,5,1,29,1,37,30,,,2019-12-04 21:30:25.618829,21,,
674,5,1,6,30,37,1,,,2019-12-04 21:44:57.615384,21,,
675,5,1,6,30,37,1,,,2019-12-04 21:45:01.51713,21,,
676,5,1,37,1,6,30,,,2019-12-04 21:45:01.764984,21,,
677,5,1,8,37,1,4,,,2019-12-05 21:53:00.668837,21,,
678,5,1,1,4,8,37,,,2019-12-05 21:53:01.455342,21,,
679,5,1,23,14,1,37,,,2019-12-05 21:53:27.413693,21,,
680,5,1,1,37,23,14,,,2019-12-05 21:53:27.789767,21,,
681,5,1,1,37,23,14,,,2019-12-05 21:53:27.95871,21,,
682,5,1,2,6,1,37,,,2019-12-06 17:32:50.021739,21,,
683,5,1,1,37,2,6,,,2019-12-06 17:32:54.18491,21,,
684,5,1,2,6,1,37,,,2019-12-06 17:32:54.395709,21,,
685,5,1,2,6,1,37,,,2019-12-06 17:32:54.90796,21,,
686,5,1,1,37,2,6,,,2019-12-06 17:32:55.106481,21,,
687,5,1,1,14,15,29,,,2019-12-06 21:09:37.395816,21,,
688,5,1,1,14,15,29,,,2019-12-06 21:09:38.52999,21,,
689,5,1,1,14,15,29,,,2019-12-06 21:09:38.707899,21,,
690,5,1,15,29,1,14,,,2019-12-06 21:09:39.058001,21,,
691,5,1,1,14,15,29,,,2019-12-06 21:09:39.220639,21,,
692,5,1,1,26,,,,,2019-12-06 22:09:07.526905,21,,
693,5,1,1,26,,,,,2019-12-06 22:09:09.009385,21,,
694,5,1,1,29,41,37,,,2019-12-06 23:58:55.341171,21,,
695,5,1,1,29,41,37,,,2019-12-06 23:58:55.79107,21,,
696,5,1,1,29,41,37,,,2019-12-06 23:58:55.969137,21,,
697,5,1,1,29,41,37,,,2019-12-06 23:58:56.341108,21,,
698,5,1,26,42,1,34,,,2019-12-06 23:59:18.708694,21,,
699,5,1,6,18,1,37,,,2019-12-09 20:45:06.94874,21,,
700,5,1,6,18,1,37,,,2019-12-09 20:45:06.957044,21,,
701,5,1,1,37,6,18,,,2019-12-09 20:45:20.086217,21,,
702,5,1,1,37,6,18,,,2019-12-09 20:45:20.170873,21,,
703,5,1,1,18,37,6,,,2019-12-10 19:45:57.90493,21,,
704,5,1,1,18,37,6,,,2019-12-10 19:46:28.283327,21,,
705,5,1,37,6,1,18,,,2019-12-10 19:46:28.503673,21,,
706,5,1,1,18,37,6,,,2019-12-10 19:46:28.694294,21,,
707,5,1,1,37,6,18,,,2019-12-10 19:55:58.217707,21,,
708,5,1,1,37,6,18,,,2019-12-10 19:55:58.706296,21,,
709,5,1,6,18,1,37,,,2019-12-10 19:55:58.863909,21,,
710,5,1,7,1,,,,,2019-12-16 21:05:34.039259,21,,
711,5,1,7,1,,,,,2019-12-16 21:05:34.958261,21,,
712,5,1,7,1,,,,,2019-12-16 21:05:35.401182,21,,
713,5,1,7,1,,,,,2019-12-16 21:05:35.548925,21,,
714,5,1,1,7,,,,,2019-12-16 21:05:35.681778,21,,
715,5,5,5,1,,,,,2019-12-20 20:07:08.70876,21,,
716,5,5,5,1,,,,,2019-12-20 20:07:09.387178,21,,
717,5,5,5,1,,,,,2019-12-20 20:07:09.539491,21,,
718,5,5,5,1,,,,,2019-12-20 20:07:09.931495,21,,
719,5,5,5,1,,,,,2019-12-20 20:07:10.081628,21,,
720,5,1,14,1,,,,,2020-01-03 17:15:26.800668,21,,
721,5,1,1,14,,,,,2020-01-03 17:16:41.670269,21,,
722,5,1,14,1,,,,,2020-01-03 17:16:43.501162,21,,
723,5,1,1,16,19,10,,,2020-01-03 20:36:16.773455,21,,
724,5,1,19,10,1,16,,,2020-01-03 20:36:33.660418,21,,
725,5,1,1,16,19,10,,,2020-01-03 20:36:34.449594,21,,
726,5,24,24,26,,,,,2020-01-03 20:36:34.775267,21,,
727,5,24,24,26,,,,,2020-01-03 20:36:37.047978,21,,
728,5,24,24,26,,,,,2020-01-03 20:36:37.807262,21,,
729,5,1,1,30,,,,,2020-01-04 00:54:20.889777,21,,
730,5,1,1,30,,,,,2020-01-04 00:54:36.450894,21,,
731,5,1,30,1,,,,,2020-01-04 00:54:36.942306,21,,
732,5,1,1,18,,,,,2020-01-06 19:42:26.079048,21,,
733,5,1,1,14,19,16,,,2020-01-07 22:41:12.322061,21,,
734,5,1,19,16,1,14,,,2020-01-07 22:41:13.484912,21,,
735,5,1,1,14,19,16,,,2020-01-07 22:41:13.95777,21,,
